INSERT INTO INTERVENANT (TYPE, ID, NOM, PRENOM, EMAIL, MP, CODE_POSTAL, TEL) VALUES ( 'formateur', 1, 'Bob', 'noblewomen', 'Bob@bobleprenom.ff','bob', '69420', '008865444');
INSERT INTO INTERVENANT (TYPE, ID, NOM, PRENOM, EMAIL, MP, CODE_POSTAL, TEL) VALUES ( 'coordinateur', 2, 'Bub', 'lebub', 'bub@bobleprenom.fr','coucou', '42690', '0145879745');
INSERT INTO INTERVENANT (TYPE, ID, NOM, PRENOM, EMAIL, MP, CODE_POSTAL, TEL) VALUES ( 'formateur', 3, 'Laper','Sonagé', 'aziz@gmail.cum', 'caca', '42962', '6942069');
INSERT INTO INTERVENANT (TYPE, ID, NOM, PRENOM, EMAIL, MP, CODE_POSTAL, TEL) VALUES ( 'coordinateur', 4, 'Caer', 'zipo', 'lop@leprenom.fr','calo', '77212', '0455884');

INSERT INTO CENTRE(ID, ADRESSE_CENTRE, CODES_POSTAL, NOM_CENTRE, VILLE) VALUES ( 1, '57 rue du champion', '69420', 'Champignon', 'Pot' );
INSERT INTO CENTRE(ID, ADRESSE_CENTRE, CODES_POSTAL, NOM_CENTRE, VILLE) VALUES ( 2, '30 avenue de mon cul', '45666', 'Cachan', 'Cachan');

INSERT INTO FORMATION(ID, TYPE_FORMATION, CENTRE_ID) VALUES ( 1, 'Concepteur Développeur d Aplication', 1 );
INSERT INTO FORMATION(ID, TYPE_FORMATION, CENTRE_ID) VALUES ( 2, 'Développeur Web et Web Mobile', 2 );

INSERT INTO SESSION(ID, DATE_DEBUT, DATE_FIN, CENTRE_ID, COORDINATEUR_ID, FORMATION_ID) VALUES (1, '2021-11-16', '2022-07-14', 1, 2, 1 );
INSERT INTO SESSION(ID, DATE_DEBUT, DATE_FIN, CENTRE_ID, COORDINATEUR_ID, FORMATION_ID) VALUES ( 2, '2021-10-21', '2022-06-14', 2, 2, 2 );

INSERT INTO SEANCE(ID, DATE_DU_JOUR, DEROULEMENT, DURER, OBJECTIF_PEDA, SUPPORT, FORMATEURS_ID, SESSION_ID) VALUES ( 1, '2022-03-09', 'Hervé à dormis en cours comme d habitude', 4, 'Dessiner', null, 3, 1 );
INSERT INTO SEANCE(ID, DATE_DU_JOUR, DEROULEMENT, DURER, OBJECTIF_PEDA, SUPPORT, FORMATEURS_ID, SESSION_ID) VALUES ( 2, '2022-03-11', 'rein de spécial', 4, 'Comunication écrite et orale', 'Dossier Pro', 3, 2 );

INSERT INTO REAC(ID, DATE_DEBUT, DURER, LIEN, FORMATION_ID) VALUES ( 1, '2017-01-01', 5, 'https://www.youtube.com', 1 );

INSERT INTO ACTIVITE(ID, ACTIVITES_TYPES, NUM_ORDRE, REAC_ID) VALUES ( 1, 'Chibre', 1, 1 );
INSERT INTO ACTIVITE(ID, ACTIVITES_TYPES, NUM_ORDRE, REAC_ID) VALUES ( 2, 'Chibros', 2, 1 );

INSERT INTO COMPETENCE(ID, NOM, ACTIVITE_ID) VALUES ( 1, 'C1: Maquettage', 1 );
INSERT INTO COMPETENCE(ID, NOM, ACTIVITE_ID) VALUES ( 2, 'C2: Je sais plus', 2 );

// Table associative

INSERT INTO CENTRE_COORDINATEURS(CENTRES_ID, COORDINATEURS_ID) VALUES ( 1, 2 );
INSERT INTO CENTRE_COORDINATEURS(CENTRES_ID, COORDINATEURS_ID) VALUES ( 2, 4 );

INSERT INTO COMPETENCE_SEANCES(COMPETENCES_ID, SEANCES_ID) VALUES ( 1, 1 );
INSERT INTO COMPETENCE_SEANCES(COMPETENCES_ID, SEANCES_ID) VALUES ( 2, 2 );

INSERT INTO SESSION_FORMATEURS(SESSION_ID, FORMATEURS_ID) VALUES ( 1, 3 );
INSERT INTO SESSION_FORMATEURS(SESSION_ID, FORMATEURS_ID) VALUES ( 2, 3 );

