INSERT INTO INTERVENANT (TYPE, ID, NOM, PRENOM, EMAIL, MP, CODE_POSTAL, TEL) VALUES ( 'Coordinateur', 1, 'Séjourne', 'Éric', 'eric.sejourne@ac-creteil.fr','{bcrypt}$2y$10$3zZl0vElbCjTF5YgVVEYMO9b3P9eDqXmFnH7PZEUP/SmrvSBlWEGi', '94000', '06 19 80 54 34' );
INSERT INTO INTERVENANT (TYPE, ID, NOM, PRENOM, EMAIL, MP, CODE_POSTAL, TEL) VALUES ( 'Formateur', 2, 'Moulin', 'Timothé', 'timomoulin@msn.com','{bcrypt}$2y$10$Mt2dMfYx6JOACcyD.lcYjOw8sBfzaVJlsmoIYfyujyxXd0E/g4vdO', '94000', '01 23 45 67 89' );
INSERT INTO INTERVENANT (TYPE, ID, NOM, PRENOM, EMAIL, MP, CODE_POSTAL, TEL) VALUES ( 'Formateur', 3, 'Varni','Fréderic', 'fred.varni@gmte94.org', '{bcrypt}$2y$10$Mt2dMfYx6JOACcyD.lcYjOw8sBfzaVJlsmoIYfyujyxXd0E/g4vdO', '94000', '01 23 45 67 89' );
INSERT INTO INTERVENANT (TYPE, ID, NOM, PRENOM, EMAIL, MP, CODE_POSTAL, TEL) VALUES ( 'Formateur', 4, 'Capuozzo', 'Olivier', 'okpu@gmte94.org','{bcrypt}$2y$10$Mt2dMfYx6JOACcyD.lcYjOw8sBfzaVJlsmoIYfyujyxXd0E/g4vdO', '94000', '01 23 45 67 89' );
INSERT INTO INTERVENANT (TYPE, ID, NOM, PRENOM, EMAIL, MP, CODE_POSTAL, TEL) VALUES ( 'Formateur', 5, 'Laplan','Teverte', 'légume@gmail.com', '{bcrypt}$2y$10$uQ67F3/ffszAaN/loYr8bOOC.L2Vu70Aie8JGT5.OblY6sbZg.2OC', '13000', '01 23 45 67 89' );
INSERT INTO INTERVENANT (TYPE, ID, NOM, PRENOM, EMAIL, MP, CODE_POSTAL, TEL) VALUES ( 'Formateur', 6, 'Rezag','Béatrice', 'beatrice.rezag@gmail.com', '{bcrypt}$2y$10$Mt2dMfYx6JOACcyD.lcYjOw8sBfzaVJlsmoIYfyujyxXd0E/g4vdO', '94000', '01 23 45 67 89' );
INSERT INTO INTERVENANT (TYPE, ID, NOM, PRENOM, EMAIL, MP, CODE_POSTAL, TEL) VALUES ( 'Formateur', 7, 'Riane','Djamila', 'djamila.riane2@ac-creteil.fr', '{bcrypt}$2y$10$Mt2dMfYx6JOACcyD.lcYjOw8sBfzaVJlsmoIYfyujyxXd0E/g4vdO', '94000', '01 23 45 67 89' );
INSERT INTO INTERVENANT (TYPE, ID, NOM, PRENOM, EMAIL, MP, CODE_POSTAL, TEL) VALUES ( 'Formateur', 8, 'Daffix','Benjamin', 'daffixbenjamin@gmail.com', '{bcrypt}$2y$10$Mt2dMfYx6JOACcyD.lcYjOw8sBfzaVJlsmoIYfyujyxXd0E/g4vdO', '92000', '01 23 45 67 89' );
INSERT INTO INTERVENANT (TYPE, ID, NOM, PRENOM, EMAIL, MP, CODE_POSTAL, TEL) VALUES ( 'Formateur', 9, 'Thierry','Golo', 'golo.thierry@gmte94.org', '{bcrypt}$2y$10$Mt2dMfYx6JOACcyD.lcYjOw8sBfzaVJlsmoIYfyujyxXd0E/g4vdO', '69420', '01 69 96 69 96' );
INSERT INTO INTERVENANT (TYPE, ID, NOM, PRENOM, EMAIL, MP, CODE_POSTAL, TEL) VALUES ( 'Coordinateur', 10, 'Trump', 'Donaldo', 'dodo@ac-creteil.fr','$2y$10$t4eFWKL339ZjcjTOOfFKge9F1RHPWivRYSWBVZE6jF0UumOjLm/MC', '94000', '01 23 45 67 89' );

INSERT INTO CENTRE(ID, ADRESSE_CENTRE, CODES_POSTAL, NOM_CENTRE, VILLE) VALUES ( 1, '61 Rue des Bordes', '94430', 'GRETA94 Champlain', 'Chennevières-sur-Marne' );
INSERT INTO CENTRE(ID, ADRESSE_CENTRE, CODES_POSTAL, NOM_CENTRE, VILLE) VALUES ( 2, '57 rue du champion', '69420', 'Champignon', 'Pot' );
INSERT INTO CENTRE(ID, ADRESSE_CENTRE, CODES_POSTAL, NOM_CENTRE, VILLE) VALUES ( 3, '30 avenue de mon cul', '45666', 'Cachan', 'Cachan' );
INSERT INTO CENTRE(ID, ADRESSE_CENTRE, CODES_POSTAL, NOM_CENTRE, VILLE) VALUES ( 4, '69 rue sinep', '21457', 'Le mort mont', 'Pouris' );

INSERT INTO FORMATION(ID, TYPE_FORMATION) VALUES ( 1, 'Concepteur Développeur d''Aplication' );
INSERT INTO FORMATION(ID, TYPE_FORMATION) VALUES ( 2, 'Développeur Web et Web Mobile' );
INSERT INTO FORMATION(ID, TYPE_FORMATION) VALUES ( 3, 'Technicien Supérieur Système & Réseaux' );
INSERT INTO FORMATION(ID, TYPE_FORMATION) VALUES ( 4, 'Technicien d''Assistance Téchnique' );
INSERT INTO FORMATION(ID, TYPE_FORMATION) VALUES ( 5, 'Découverte des métiers de l’Informatique' );
INSERT INTO FORMATION(ID, TYPE_FORMATION) VALUES ( 6, 'Plante verte professionel' );

INSERT INTO SESSION(ID, DATE_DEBUT, DATE_FIN, DUREE_TOTAL, CENTRE_ID, COORDINATEUR_ID, FORMATION_ID) VALUES ( 1, '2021-11-01', '2022-06-01', 400, 1, 1, 2 );
INSERT INTO SESSION(ID, DATE_DEBUT, DATE_FIN, DUREE_TOTAL, CENTRE_ID, COORDINATEUR_ID, FORMATION_ID) VALUES ( 2, '2020-10-01', '2021-05-01', 300, 1, 1, 4 );
INSERT INTO SESSION(ID, DATE_DEBUT, DATE_FIN, DUREE_TOTAL, CENTRE_ID, COORDINATEUR_ID, FORMATION_ID) VALUES ( 3, '2019-11-16', '2020-07-14', 380, 1, 1, 5 );
INSERT INTO SESSION(ID, DATE_DEBUT, DATE_FIN, DUREE_TOTAL, CENTRE_ID, COORDINATEUR_ID, FORMATION_ID) VALUES ( 4, '2021-11-16', '2022-07-14', 410, 2, 10, 6 );
INSERT INTO SESSION(ID, DATE_DEBUT, DATE_FIN, DUREE_TOTAL, CENTRE_ID, COORDINATEUR_ID, FORMATION_ID) VALUES ( 5, '2021-11-16', '2022-07-14', 20, 3, 10, 6 );

INSERT INTO REAC(ID, NOM, DATE_DEBUT, DUREE, LIEN, FORMATION_ID) VALUES ( 1, 'CDA REAC', '2017-01-01', 5, 'https://www.youtube.com', 1 );
INSERT INTO REAC(ID, NOM, DATE_DEBUT, DUREE, LIEN, FORMATION_ID) VALUES ( 2, 'DWWM REAC', '2018-01-01', 5, 'https://www.youtube.com', 2 );
INSERT INTO REAC(ID, NOM, DATE_DEBUT, DUREE, LIEN, FORMATION_ID) VALUES ( 3, 'TSSR REAC', '2016-01-01', 5, 'https://www.youtube.com', 3 );
INSERT INTO REAC(ID, NOM, DATE_DEBUT, DUREE, LIEN, FORMATION_ID) VALUES ( 4, 'TAI REAC', '2015-01-01', 5, 'https://www.youtube.com', 4 );
INSERT INTO REAC(ID, NOM, DATE_DEBUT, DUREE, LIEN, FORMATION_ID) VALUES ( 5, 'AUTISM REAC', '2020-01-01', 5, 'https://www.youtube.com', 6 );

INSERT INTO ACTIVITE(ID, NUMAT, ACTIVITES_TYPES, REAC_ID) VALUES ( 1, 1, 'Concevoir et développer des composants d''interface utilisateur en intégrant les recommandations de sécurité', 1 );
INSERT INTO ACTIVITE(ID, NUMAT, ACTIVITES_TYPES, REAC_ID) VALUES ( 2, 2, 'Concevoir et développer la persistance des données en intégrant les recommandations de sécurité', 1 );
INSERT INTO ACTIVITE(ID, NUMAT, ACTIVITES_TYPES, REAC_ID) VALUES ( 3, 3, 'Concevoir et développer une application multicouche répartie en intégrant les recommandations de sécurité', 1 );
INSERT INTO ACTIVITE(ID, NUMAT, ACTIVITES_TYPES, REAC_ID) VALUES ( 4, 1, 'Chibre', 5 );
INSERT INTO ACTIVITE(ID, NUMAT, ACTIVITES_TYPES, REAC_ID) VALUES ( 5, 2, 'Chibros', 5 );
INSERT INTO ACTIVITE(ID, NUMAT, ACTIVITES_TYPES, REAC_ID) VALUES ( 6, 3, 'Chibrifos', 5 );

INSERT INTO COMPETENCE(ID, NUMCP, COMPETENCE_PROFESSIONEL, ACTIVITE_ID) VALUES ( 1, 1, 'Maquetter une application', 1 );
INSERT INTO COMPETENCE(ID, NUMCP, COMPETENCE_PROFESSIONEL, ACTIVITE_ID) VALUES ( 2, 2, 'Développer une interface utilisateur de type desktop', 1 );
INSERT INTO COMPETENCE(ID, NUMCP, COMPETENCE_PROFESSIONEL, ACTIVITE_ID) VALUES ( 3, 3, 'Développer des composants d’accès aux données', 1 );
INSERT INTO COMPETENCE(ID, NUMCP, COMPETENCE_PROFESSIONEL, ACTIVITE_ID) VALUES ( 4, 4, 'Développer la partie front-end d’une interface utilisateur web', 1 );
INSERT INTO COMPETENCE(ID, NUMCP, COMPETENCE_PROFESSIONEL, ACTIVITE_ID) VALUES ( 5, 5, 'Développer la partie back-end d’une interface utilisateur web', 1 );
INSERT INTO COMPETENCE(ID, NUMCP, COMPETENCE_PROFESSIONEL, ACTIVITE_ID) VALUES ( 6, 6, 'Concevoir une base de données', 2 );
INSERT INTO COMPETENCE(ID, NUMCP, COMPETENCE_PROFESSIONEL, ACTIVITE_ID) VALUES ( 7, 7, 'Mettre en place une base de données', 2 );
INSERT INTO COMPETENCE(ID, NUMCP, COMPETENCE_PROFESSIONEL, ACTIVITE_ID) VALUES ( 8, 8, 'Développer des composants dans le langage d’une base de données', 2 );
INSERT INTO COMPETENCE(ID, NUMCP, COMPETENCE_PROFESSIONEL, ACTIVITE_ID) VALUES ( 9, 9, 'Collaborer à la gestion d’un projet informatique et à l’organisation de l’environnement de développement', 3 );
INSERT INTO COMPETENCE(ID, NUMCP, COMPETENCE_PROFESSIONEL, ACTIVITE_ID) VALUES ( 10, 10, 'Concevoir une application', 3 );
INSERT INTO COMPETENCE(ID, NUMCP, COMPETENCE_PROFESSIONEL, ACTIVITE_ID) VALUES ( 11, 11, 'Développer des composants métier', 3 );
INSERT INTO COMPETENCE(ID, NUMCP, COMPETENCE_PROFESSIONEL, ACTIVITE_ID) VALUES ( 12, 12, 'Construire une application organisée en couches', 3 );
INSERT INTO COMPETENCE(ID, NUMCP, COMPETENCE_PROFESSIONEL, ACTIVITE_ID) VALUES ( 13, 13, 'Développer une application mobile', 3 );
INSERT INTO COMPETENCE(ID, NUMCP, COMPETENCE_PROFESSIONEL, ACTIVITE_ID) VALUES ( 14, 14, 'Préparer et exécuter les plans de tests d’une application', 3 );
INSERT INTO COMPETENCE(ID, NUMCP, COMPETENCE_PROFESSIONEL, ACTIVITE_ID) VALUES ( 15, 15, 'Préparer et exécuter le déploiement d’une application', 3 );

INSERT INTO SAVOIR_FAIRE(ID, NOM, COMPETENCE_ID) VALUES ( 1, 'Faire pousser des plantes', 1 );
INSERT INTO SAVOIR_FAIRE(ID, NOM, COMPETENCE_ID) VALUES ( 2, 'Faire pousser des plantes', 3 );

INSERT INTO EVALUATION(ID, MODALITE) VALUES ( 1, 'Je sais pas' );
INSERT INTO EVALUATION(ID, MODALITE) VALUES ( 2, 'Je sais toujours pas' );

INSERT INTO SEANCE(ID, DATE_DU_JOUR, DEROULEMENT, DUREE, OBJECTIF_PEDA, METHODE_ENVISAGE, SUPPORT, EVALUATION_ID, FORMATEURS_ID, SESSION_ID) VALUES ( 1, '2022-03-09', 'Hervé à dormis en cours comme d habitude', 4, 'Dessiner', 'coucou', null, 1, 3, 1 );
INSERT INTO SEANCE(ID, DATE_DU_JOUR, DEROULEMENT, DUREE, OBJECTIF_PEDA, METHODE_ENVISAGE, SUPPORT, EVALUATION_ID, FORMATEURS_ID, SESSION_ID) VALUES ( 2, '2022-03-11', 'rein de spécial', 4, 'Comunication écrite et orale', 'coucou', 'Dossier Pro', 2, 6, 2 );
INSERT INTO SEANCE(ID, DATE_DU_JOUR, DEROULEMENT, DUREE, OBJECTIF_PEDA, METHODE_ENVISAGE, SUPPORT, EVALUATION_ID, FORMATEURS_ID, SESSION_ID) VALUES ( 3, '2022-03-25', 'Antonin à pété un cable', 3, 'Pepoodoo', 'coucou', 'le mur troué', 1, 2, 1 );
INSERT INTO SEANCE(ID, DATE_DU_JOUR, DEROULEMENT, DUREE, OBJECTIF_PEDA, METHODE_ENVISAGE, SUPPORT, EVALUATION_ID, FORMATEURS_ID, SESSION_ID) VALUES ( 4, '2022-02-22', 'La plante verte bronze', 4, 'Pepoodoo', 'coucou', 'Le soleil', 2, 5, 1 );
INSERT INTO SEANCE(ID, DATE_DU_JOUR, DEROULEMENT, DUREE, OBJECTIF_PEDA, METHODE_ENVISAGE, SUPPORT, EVALUATION_ID, FORMATEURS_ID, SESSION_ID) VALUES ( 5, '2022-03-27', 'La plante verte bronze', 4, 'Pepoodoo', 'coucou', 'Le soleil', 1, 5, 2 );
INSERT INTO SEANCE(ID, DATE_DU_JOUR, DEROULEMENT, DUREE, OBJECTIF_PEDA, METHODE_ENVISAGE, SUPPORT, EVALUATION_ID, FORMATEURS_ID, SESSION_ID) VALUES ( 6, '2021-11-12', 'La plante verte bronze', 3, 'Pepoodoo', 'coucou', 'Le soleil', 2, 5, 1 );

-- Table associative

INSERT INTO CENTRE_COORDINATEURS(CENTRES_ID, COORDINATEURS_ID) VALUES ( 1, 2 );
INSERT INTO CENTRE_COORDINATEURS(CENTRES_ID, COORDINATEURS_ID) VALUES ( 2, 4 );

INSERT INTO SESSION_FORMATEURS(SESSION_ID, FORMATEURS_ID) VALUES ( 1, 3 );
INSERT INTO SESSION_FORMATEURS(SESSION_ID, FORMATEURS_ID) VALUES ( 2, 3 );
INSERT INTO SESSION_FORMATEURS(SESSION_ID, FORMATEURS_ID) VALUES ( 3, 1 );

INSERT INTO SEANCE_SAVOIR_FAIRES(SEANCES_ID, SAVOIR_FAIRES_ID) VALUES ( 1, 2 );
INSERT INTO SEANCE_SAVOIR_FAIRES(SEANCES_ID, SAVOIR_FAIRES_ID) VALUES ( 2, 2 );
INSERT INTO SEANCE_SAVOIR_FAIRES(SEANCES_ID, SAVOIR_FAIRES_ID) VALUES ( 3, 1 );