INSERT INTO INTERVENANT (TYPE, ID, NOM, PRENOM, EMAIL, MP, CODE_POSTAL, TEL) VALUES ( 'Formateur', 1, 'Bob', 'noblewomen', 'Bob@bobleprenom.ff','bob', '69420', '008865444' );
INSERT INTO INTERVENANT (TYPE, ID, NOM, PRENOM, EMAIL, MP, CODE_POSTAL, TEL) VALUES ( 'Coordinateur', 2, 'Bub', 'lebub', 'bub@bobleprenom.fr','coucou', '42690', '0145879745' );
INSERT INTO INTERVENANT (TYPE, ID, NOM, PRENOM, EMAIL, MP, CODE_POSTAL, TEL) VALUES ( 'Formateur', 3, 'Laper','Sonagé', 'aziz@gmail.cum', 'caca', '42962', '6942069' );
INSERT INTO INTERVENANT (TYPE, ID, NOM, PRENOM, EMAIL, MP, CODE_POSTAL, TEL) VALUES ( 'Coordinateur', 4, 'Jean', 'Laqueue', 'lop@leprenom.fr','calo', '77212', '0455884' );
INSERT INTO INTERVENANT (TYPE, ID, NOM, PRENOM, EMAIL, MP, CODE_POSTAL, TEL) VALUES ( 'Formateur', 5, 'Thierry','Golo', 'momo@proutos.com', 'maturite', '42962', '6942069' );

INSERT INTO CENTRE(ID, ADRESSE_CENTRE, CODES_POSTAL, NOM_CENTRE, VILLE) VALUES ( 1, '57 rue du champion', '69420', 'Champignon', 'Pot' );
INSERT INTO CENTRE(ID, ADRESSE_CENTRE, CODES_POSTAL, NOM_CENTRE, VILLE) VALUES ( 2, '30 avenue de mon cul', '45666', 'Cachan', 'Cachan' );
INSERT INTO CENTRE(ID, ADRESSE_CENTRE, CODES_POSTAL, NOM_CENTRE, VILLE) VALUES ( 3, '69 rue sinep', '21457', 'Le mort mont', 'Pouris' );

INSERT INTO FORMATION(ID, TYPE_FORMATION) VALUES ( 1, 'Concepteur Développeur d''Aplication' );
INSERT INTO FORMATION(ID, TYPE_FORMATION) VALUES ( 2, 'Technicien Supérieur Système & Réseaux' );
INSERT INTO FORMATION(ID, TYPE_FORMATION) VALUES ( 3, 'Développeur Web et Web Mobile' );
INSERT INTO FORMATION(ID, TYPE_FORMATION) VALUES ( 4, 'Technicien d''Assistance Téchnique' );
INSERT INTO FORMATION(ID, TYPE_FORMATION) VALUES ( 5, 'Découverte des métiers de l’Informatique' );

INSERT INTO SESSION(ID, DATE_DEBUT, DATE_FIN, CENTRE_ID, COORDINATEUR_ID, FORMATION_ID) VALUES (1, '2021-11-16', '2022-07-14', 1, 2, 1 );
INSERT INTO SESSION(ID, DATE_DEBUT, DATE_FIN, CENTRE_ID, COORDINATEUR_ID, FORMATION_ID) VALUES ( 2, '2021-10-21', '2022-06-14', 2, 2, 3 );
INSERT INTO SESSION(ID, DATE_DEBUT, DATE_FIN, CENTRE_ID, COORDINATEUR_ID, FORMATION_ID) VALUES ( 3, '2021-11-01', '2022-06-01', 1, 2, 2 );
INSERT INTO SESSION(ID, DATE_DEBUT, DATE_FIN, CENTRE_ID, COORDINATEUR_ID, FORMATION_ID) VALUES ( 4, '2021-10-01', '2022-05-01', 3, 4, 3 );

INSERT INTO SEANCE(ID, DATE_DU_JOUR, DEROULEMENT, DURER, OBJECTIF_PEDA, SUPPORT, FORMATEURS_ID, SESSION_ID) VALUES ( 1, '2022-03-09', 'Hervé à dormis en cours comme d habitude', 4, 'Dessiner', null, 3, 1 );
INSERT INTO SEANCE(ID, DATE_DU_JOUR, DEROULEMENT, DURER, OBJECTIF_PEDA, SUPPORT, FORMATEURS_ID, SESSION_ID) VALUES ( 2, '2022-03-11', 'rein de spécial', 4, 'Comunication écrite et orale', 'Dossier Pro', 3, 2 );
INSERT INTO SEANCE(ID, DATE_DU_JOUR, DEROULEMENT, DURER, OBJECTIF_PEDA, SUPPORT, FORMATEURS_ID, SESSION_ID) VALUES ( 3, '2022-03-09', 'Antonin à pété un cable', 3, 'Pepoodoo', null, 1, 3 );

INSERT INTO REAC(ID, NOM, DATE_DEBUT, DUREE, LIEN, FORMATION_ID) VALUES ( 1, 'CDA REAC', '2017-01-01', 5, 'https://www.youtube.com', 1 );
INSERT INTO REAC(ID, NOM, DATE_DEBUT, DUREE, LIEN, FORMATION_ID) VALUES ( 2, 'AUTISM REAC', '2018-01-01', 5, 'https://www.youtube.com', 2 );

INSERT INTO ACTIVITE(ID, NUMAT, ACTIVITES_TYPES, REAC_ID) VALUES ( 1, 1, 'Concevoir et développer des composants d''interface utilisateur en intégrant les recommandations de sécurité', 1 );
INSERT INTO ACTIVITE(ID, NUMAT, ACTIVITES_TYPES, REAC_ID) VALUES ( 2, 2, 'Concevoir et développer la persistance des données en intégrant les recommandations de sécurité', 1 );
INSERT INTO ACTIVITE(ID, NUMAT, ACTIVITES_TYPES, REAC_ID) VALUES ( 3, 3, 'Concevoir et développer une application multicouche répartie en intégrant les recommandations de sécurité', 1 );
INSERT INTO ACTIVITE(ID, NUMAT, ACTIVITES_TYPES, REAC_ID) VALUES ( 4, 1, 'Chibre', 2 );
INSERT INTO ACTIVITE(ID, NUMAT, ACTIVITES_TYPES, REAC_ID) VALUES ( 5, 2, 'Chibros', 2 );
INSERT INTO ACTIVITE(ID, NUMAT, ACTIVITES_TYPES, REAC_ID) VALUES ( 6, 3, 'Chibrifos', 2 );

INSERT INTO COMPETENCE(ID, NUMCP, COMPETENCE_PROFESSIONEL, ACTIVITE_ID) VALUES ( 1, 1, 'Maquetter une application', 1 );
INSERT INTO COMPETENCE(ID, NUMCP, COMPETENCE_PROFESSIONEL, ACTIVITE_ID) VALUES ( 2, 2, 'Développer une interface utilisateur de type desktop', 1 );
INSERT INTO COMPETENCE(ID, NUMCP, COMPETENCE_PROFESSIONEL, ACTIVITE_ID) VALUES ( 3, 3, 'Développer des composants d’accès aux données', 1 );
INSERT INTO COMPETENCE(ID, NUMCP, COMPETENCE_PROFESSIONEL, ACTIVITE_ID) VALUES ( 4, 4, 'Développer la partie front-end d’une interface utilisateur web', 1 );
INSERT INTO COMPETENCE(ID, NUMCP, COMPETENCE_PROFESSIONEL, ACTIVITE_ID) VALUES ( 5, 5, 'Développer la partie back-end d’une interface utilisateur web', 1 );
INSERT INTO COMPETENCE(ID, NUMCP, COMPETENCE_PROFESSIONEL, ACTIVITE_ID) VALUES ( 6, 6, 'Concevoir une base de données', 2 );
INSERT INTO COMPETENCE(ID, NUMCP, COMPETENCE_PROFESSIONEL, ACTIVITE_ID) VALUES ( 7, 7, 'Mettre en place une base de données', 2 );
INSERT INTO COMPETENCE(ID, NUMCP, COMPETENCE_PROFESSIONEL, ACTIVITE_ID) VALUES ( 8, 8, 'Développer des composants dans le langage d’une base de données', 2 );
INSERT INTO COMPETENCE(ID, NUMCP, COMPETENCE_PROFESSIONEL, ACTIVITE_ID) VALUES ( 9, 9, 'Collaborer à la gestion d’un projet informatique et à l’organisation de l’environnement de développement', 3 );
INSERT INTO COMPETENCE(ID, NUMCP, COMPETENCE_PROFESSIONEL, ACTIVITE_ID) VALUES ( 10, 10, 'Concevoir une application', 3 );
INSERT INTO COMPETENCE(ID, NUMCP, COMPETENCE_PROFESSIONEL, ACTIVITE_ID) VALUES ( 11, 11, 'Développer des composants métier', 3 );
INSERT INTO COMPETENCE(ID, NUMCP, COMPETENCE_PROFESSIONEL, ACTIVITE_ID) VALUES ( 12, 12, 'Construire une application organisée en couches', 3 );
INSERT INTO COMPETENCE(ID, NUMCP, COMPETENCE_PROFESSIONEL, ACTIVITE_ID) VALUES ( 13, 13, 'Développer une application mobile', 3 );
INSERT INTO COMPETENCE(ID, NUMCP, COMPETENCE_PROFESSIONEL, ACTIVITE_ID) VALUES ( 14, 14, 'Préparer et exécuter les plans de tests d’une application', 3 );
INSERT INTO COMPETENCE(ID, NUMCP, COMPETENCE_PROFESSIONEL, ACTIVITE_ID) VALUES ( 15, 15, 'Préparer et exécuter le déploiement d’une application', 3 );

// Table associative

INSERT INTO CENTRE_COORDINATEURS(CENTRES_ID, COORDINATEURS_ID) VALUES ( 1, 2 );
INSERT INTO CENTRE_COORDINATEURS(CENTRES_ID, COORDINATEURS_ID) VALUES ( 2, 4 );

INSERT INTO SEANCE_COMPETENCES(COMPETENCES_ID, SEANCES_ID) VALUES ( 1, 1 );
INSERT INTO SEANCE_COMPETENCES(COMPETENCES_ID, SEANCES_ID) VALUES ( 2, 2 );
INSERT INTO SEANCE_COMPETENCES(COMPETENCES_ID, SEANCES_ID) VALUES ( 3, 3 );
INSERT INTO SEANCE_COMPETENCES(COMPETENCES_ID, SEANCES_ID) VALUES ( 2, 1 );
INSERT INTO SEANCE_COMPETENCES(COMPETENCES_ID, SEANCES_ID) VALUES ( 2, 2 );
INSERT INTO SEANCE_COMPETENCES(COMPETENCES_ID, SEANCES_ID) VALUES ( 3, 3 );

INSERT INTO SESSION_FORMATEURS(SESSION_ID, FORMATEURS_ID) VALUES ( 1, 3 );
INSERT INTO SESSION_FORMATEURS(SESSION_ID, FORMATEURS_ID) VALUES ( 2, 3 );
INSERT INTO SESSION_FORMATEURS(SESSION_ID, FORMATEURS_ID) VALUES ( 3, 1 );

